{
  "n_bars": {
    "mean": 4296.103448275862,
    "median": 4539.0,
    "std": 1626.9209718851837,
    "min": 930.0,
    "max": 5613.0,
    "n": 58
  },
  "n_trades": {
    "mean": 56.96551724137931,
    "median": 58.0,
    "std": 29.594905629203346,
    "min": 4.0,
    "max": 125.0,
    "n": 58
  },
  "initial_capital": {
    "mean": 10000.0,
    "median": 10000.0,
    "std": 0.0,
    "min": 10000.0,
    "max": 10000.0,
    "n": 58
  },
  "final_equity": {
    "mean": 7287.375838372456,
    "median": 7235.742951272213,
    "std": 4108.553873149884,
    "min": 291.03470062766223,
    "max": 15125.518592452903,
    "n": 58
  },
  "total_return": {
    "mean": -0.27126241616275454,
    "median": -0.27642570487277873,
    "std": 0.4108553873149884,
    "min": -0.9708965299372337,
    "max": 0.5125518592452903,
    "n": 58
  },
  "cagr": {
    "mean": -0.02290195533643262,
    "median": -0.014689297148695546,
    "std": 0.039126012799479686,
    "min": -0.14692262034862358,
    "max": 0.03555566907536112,
    "n": 58
  },
  "sharpe": {
    "mean": -3.1676165674127517,
    "median": -4.102488281930894,
    "std": 4.971628910866763,
    "min": -11.84051757304742,
    "max": 6.629782262089003,
    "n": 58
  },
  "sortino": {
    "mean": -3.112398002394964,
    "median": -5.224348746449916,
    "std": 6.617656519115073,
    "min": -12.601553439428082,
    "max": 13.295743679305685,
    "n": 58
  },
  "max_drawdown_pct": {
    "mean": -36.440723728940185,
    "median": -29.14135552899183,
    "std": 31.05317890139408,
    "min": -97.15402269131292,
    "max": -1.648463496241763,
    "n": 58
  },
  "max_dd_duration_bars": {
    "mean": 3542.362068965517,
    "median": 4066.0,
    "std": 2023.2215729555764,
    "min": 479.0,
    "max": 5606.0,
    "n": 58
  },
  "win_rate": {
    "mean": 0.31452454409763336,
    "median": 0.2883116883116883,
    "std": 0.17961474692084503,
    "min": 0.04477611940298507,
    "max": 1.0,
    "n": 58
  },
  "profit_factor": {
    "mean": Infinity,
    "median": 0.4192181890316052,
    "std": NaN,
    "min": 0.015308343028368969,
    "max": Infinity,
    "n": 58
  },
  "avg_trade": {
    "mean": 2.6413600433907396,
    "median": -30.411715446452725,
    "std": 75.36535222805627,
    "min": -77.51662381886511,
    "max": 355.23978439319836,
    "n": 58
  },
  "avg_win": {
    "mean": 138.7241294991619,
    "median": 93.62845818436816,
    "std": 110.96786960979757,
    "min": 18.09680411356031,
    "max": 548.5950191875529,
    "n": 58
  },
  "avg_loss": {
    "mean": -77.77687659706244,
    "median": -78.22696748031368,
    "std": 16.68254512960506,
    "min": -123.88425840422111,
    "max": 0.0,
    "n": 58
  },
  "best_trade": {
    "mean": 519.4242365502125,
    "median": 330.5451105521769,
    "std": 412.5060895388023,
    "min": 25.9995080513115,
    "max": 1413.846493000001,
    "n": 58
  },
  "worst_trade": {
    "mean": -166.32683157403162,
    "median": -160.2895732171583,
    "std": 88.58315320978635,
    "min": -632.7284993001979,
    "max": 195.65980034209576,
    "n": 58
  },
  "expectancy": {
    "mean": 2.6413600433907374,
    "median": -30.411715446452728,
    "std": 75.36535222805627,
    "min": -77.5166238188651,
    "max": 355.23978439319836,
    "n": 58
  },
  "avg_bars_in_trade": {
    "mean": 14.35110907854106,
    "median": 14.278711162255465,
    "std": 3.9709313930200403,
    "min": 7.486486486486487,
    "max": 34.25,
    "n": 58
  },
  "pct_time_in_market": {
    "mean": 0.17170559265925706,
    "median": 0.17314281161462064,
    "std": 0.04227956078113398,
    "min": 0.04935897435897436,
    "max": 0.26023967089966016,
    "n": 58
  },
  "_headline": {
    "pct_symbols_profitable": 0.3448275862068966,
    "n_symbols": 58
  }
}