{
  "n_bars": {
    "mean": 13186.305084745763,
    "median": 13744.0,
    "std": 4866.686418747563,
    "min": 3318.0,
    "max": 17360.0,
    "n": 59
  },
  "n_trades": {
    "mean": 156.3728813559322,
    "median": 160.0,
    "std": 77.41578256292775,
    "min": 0.0,
    "max": 259.0,
    "n": 59
  },
  "initial_capital": {
    "mean": 10000.0,
    "median": 10000.0,
    "std": 0.0,
    "min": 10000.0,
    "max": 10000.0,
    "n": 59
  },
  "final_equity": {
    "mean": 9164.607089249492,
    "median": 9821.983667760574,
    "std": 5353.773477223451,
    "min": 856.3880566730885,
    "max": 20914.71316107845,
    "n": 59
  },
  "total_return": {
    "mean": -0.08353929107505075,
    "median": -0.017801633223942553,
    "std": 0.535377347722345,
    "min": -0.9143611943326913,
    "max": 1.0914713161078449,
    "n": 59
  },
  "cagr": {
    "mean": -0.0027567462061521323,
    "median": -0.00035985828317097734,
    "std": 0.011747122629581039,
    "min": -0.03520158586978972,
    "max": 0.016785941507544422,
    "n": 59
  },
  "sharpe": {
    "mean": -0.24494259995815365,
    "median": 0.0,
    "std": 1.212205502112237,
    "min": -2.987083776964758,
    "max": 1.700948508735116,
    "n": 59
  },
  "sortino": {
    "mean": -0.2309302339061291,
    "median": 0.0,
    "std": 1.8116604393685514,
    "min": -3.810185617287317,
    "max": 2.908903897513268,
    "n": 59
  },
  "max_drawdown_pct": {
    "mean": -33.76738095524468,
    "median": -17.87512617485974,
    "std": 27.40221124606254,
    "min": -91.68627060470337,
    "max": 0.0,
    "n": 59
  },
  "max_dd_duration_bars": {
    "mean": 9137.254237288136,
    "median": 8471.0,
    "std": 6470.389242656917,
    "min": 0.0,
    "max": 17322.0,
    "n": 59
  },
  "win_rate": {
    "mean": 0.38628238417064065,
    "median": 0.3791469194312796,
    "std": 0.09103283851661101,
    "min": 0.0,
    "max": 0.5641025641025641,
    "n": 59
  },
  "profit_factor": {
    "mean": 1.3925830601554188,
    "median": 1.1517920788682456,
    "std": 0.8545387527416574,
    "min": 0.0,
    "max": 3.8694750054042846,
    "n": 59
  },
  "avg_trade": {
    "mean": 17.82340969381098,
    "median": 6.07803016411713,
    "std": 33.449567867788495,
    "min": -29.150485521794376,
    "max": 98.77647452346145,
    "n": 59
  },
  "avg_win": {
    "mean": 146.95518281977266,
    "median": 138.3605280854324,
    "std": 72.40434972662138,
    "min": 0.0,
    "max": 309.6543021376844,
    "n": 59
  },
  "avg_loss": {
    "mean": -71.65277688958979,
    "median": -69.09862189575844,
    "std": 18.755535209340373,
    "min": -108.48013935779595,
    "max": 0.0,
    "n": 59
  },
  "best_trade": {
    "mean": 791.9432950093917,
    "median": 694.3175860362624,
    "std": 457.8630053678509,
    "min": 0.0,
    "max": 2194.7933781908087,
    "n": 59
  },
  "worst_trade": {
    "mean": -145.48936064550713,
    "median": -145.3008305662315,
    "std": 32.976301755629116,
    "min": -217.92051907035142,
    "max": 0.0,
    "n": 59
  },
  "expectancy": {
    "mean": 17.823409693810977,
    "median": 6.078030164117138,
    "std": 33.449567867788495,
    "min": -29.15048552179437,
    "max": 98.77647452346145,
    "n": 59
  },
  "avg_bars_in_trade": {
    "mean": 15.283542370907774,
    "median": 15.079646017699115,
    "std": 2.96918822822039,
    "min": 0.0,
    "max": 19.959183673469386,
    "n": 59
  },
  "pct_time_in_market": {
    "mean": 0.17322428195088366,
    "median": 0.18701539173706747,
    "std": 0.047613904124674845,
    "min": 0.0,
    "max": 0.22717842323651452,
    "n": 59
  },
  "_headline": {
    "pct_symbols_profitable": 0.4745762711864407,
    "n_symbols": 59
  }
}