{
  "n_bars": {
    "mean": 2121.0677966101694,
    "median": 2270.0,
    "std": 842.1729461259372,
    "min": 169.0,
    "max": 2809.0,
    "n": 59
  },
  "n_trades": {
    "mean": 25.0,
    "median": 26.0,
    "std": 14.19932004200104,
    "min": 0.0,
    "max": 51.0,
    "n": 59
  },
  "initial_capital": {
    "mean": 10000.0,
    "median": 10000.0,
    "std": 0.0,
    "min": 10000.0,
    "max": 10000.0,
    "n": 59
  },
  "final_equity": {
    "mean": 9042.705155261126,
    "median": 9740.08746631011,
    "std": 2122.1134496107798,
    "min": 4069.9541635947157,
    "max": 13764.535179052904,
    "n": 59
  },
  "total_return": {
    "mean": -0.0957294844738872,
    "median": -0.025991253368989053,
    "std": 0.212211344961078,
    "min": -0.5930045836405284,
    "max": 0.3764535179052904,
    "n": 59
  },
  "cagr": {
    "mean": -0.009324151438776077,
    "median": -0.005281548614746723,
    "std": 0.025580835441724657,
    "min": -0.07750682470156256,
    "max": 0.04648638842180519,
    "n": 59
  },
  "sharpe": {
    "mean": -1.2163928243736397,
    "median": -1.082644077256625,
    "std": 2.859515314383613,
    "min": -6.712832462547485,
    "max": 4.700504278910608,
    "n": 59
  },
  "sortino": {
    "mean": -1.0886989800201339,
    "median": -1.6357837339797705,
    "std": 4.10095238235613,
    "min": -7.491896451361498,
    "max": 8.80233186081588,
    "n": 59
  },
  "max_drawdown_pct": {
    "mean": -16.46239266048484,
    "median": -7.888092486779917,
    "std": 15.619654481456728,
    "min": -60.06687726521921,
    "max": 0.0,
    "n": 59
  },
  "max_dd_duration_bars": {
    "mean": 1647.0169491525423,
    "median": 1913.0,
    "std": 1015.241953351862,
    "min": 0.0,
    "max": 2802.0,
    "n": 59
  },
  "win_rate": {
    "mean": 0.32136247639900667,
    "median": 0.3333333333333333,
    "std": 0.13962229433006607,
    "min": 0.0,
    "max": 0.625,
    "n": 59
  },
  "profit_factor": {
    "mean": 1.5462955105103617,
    "median": 0.7888032723002126,
    "std": 2.5196487077554437,
    "min": 0.0,
    "max": 17.283874035509648,
    "n": 59
  },
  "avg_trade": {
    "mean": 4.108155522899872,
    "median": -5.970626582103322,
    "std": 62.824986450755716,
    "min": -81.48495273155005,
    "max": 174.69846812903788,
    "n": 59
  },
  "avg_win": {
    "mean": 149.69844417470645,
    "median": 111.90561118883139,
    "std": 103.06672415299289,
    "min": 0.0,
    "max": 450.3065500497535,
    "n": 59
  },
  "avg_loss": {
    "mean": -78.94623697828658,
    "median": -83.60663723974427,
    "std": 24.54054025062213,
    "min": -119.05109775199105,
    "max": 0.0,
    "n": 59
  },
  "best_trade": {
    "mean": 438.85079388049854,
    "median": 259.54041945657946,
    "std": 390.99000916398137,
    "min": -27.273202936540578,
    "max": 1653.7301016249983,
    "n": 59
  },
  "worst_trade": {
    "mean": -135.2524925388916,
    "median": -128.2924942770414,
    "std": 43.42797659094808,
    "min": -229.39640983901882,
    "max": 0.0,
    "n": 59
  },
  "expectancy": {
    "mean": 4.108155522899868,
    "median": -5.970626582103321,
    "std": 62.82498645075571,
    "min": -81.48495273155005,
    "max": 174.69846812903788,
    "n": 59
  },
  "avg_bars_in_trade": {
    "mean": 14.465092298035506,
    "median": 14.30952380952381,
    "std": 4.583948298653219,
    "min": 0.0,
    "max": 26.75,
    "n": 59
  },
  "pct_time_in_market": {
    "mean": 0.1635586908738293,
    "median": 0.1767640769779045,
    "std": 0.05738044267878088,
    "min": 0.0,
    "max": 0.2631016042780749,
    "n": 59
  },
  "_headline": {
    "pct_symbols_profitable": 0.3728813559322034,
    "n_symbols": 59
  }
}