{
  "n_bars": {
    "mean": 3527.2033898305085,
    "median": 3723.0,
    "std": 1119.4011141994945,
    "min": 1123.0,
    "max": 4456.0,
    "n": 59
  },
  "n_trades": {
    "mean": 41.74576271186441,
    "median": 45.0,
    "std": 20.65696277399395,
    "min": 0.0,
    "max": 75.0,
    "n": 59
  },
  "initial_capital": {
    "mean": 10000.0,
    "median": 10000.0,
    "std": 0.0,
    "min": 10000.0,
    "max": 10000.0,
    "n": 59
  },
  "final_equity": {
    "mean": 10651.810135791877,
    "median": 10337.068982879098,
    "std": 1664.179713031663,
    "min": 8012.810633445993,
    "max": 17478.09312541191,
    "n": 59
  },
  "total_return": {
    "mean": 0.06518101357918785,
    "median": 0.03370689828790983,
    "std": 0.1664179713031663,
    "min": -0.19871893665540075,
    "max": 0.747809312541191,
    "n": 59
  },
  "cagr": {
    "mean": 0.005095076279478287,
    "median": 0.002176062154868763,
    "std": 0.011761196864143921,
    "min": -0.012450780943627837,
    "max": 0.04661524746200829,
    "n": 59
  },
  "sharpe": {
    "mean": 0.22885632894538951,
    "median": 0.13054704016277496,
    "std": 0.5660875046259097,
    "min": -0.7587301739433211,
    "max": 1.9605364300039068,
    "n": 59
  },
  "sortino": {
    "mean": 0.42249236267967516,
    "median": 0.20031067200460356,
    "std": 0.9634059231118908,
    "min": -1.0241191249412844,
    "max": 3.6702911342158333,
    "n": 59
  },
  "max_drawdown_pct": {
    "mean": -8.690394672553763,
    "median": -8.256109270960472,
    "std": 5.873739724586816,
    "min": -27.546942180311362,
    "max": 0.0,
    "n": 59
  },
  "max_dd_duration_bars": {
    "mean": 1948.050847457627,
    "median": 1642.0,
    "std": 1374.6081250196214,
    "min": 0.0,
    "max": 4424.0,
    "n": 59
  },
  "win_rate": {
    "mean": 0.386061278647967,
    "median": 0.41935483870967744,
    "std": 0.13984612389889334,
    "min": 0.0,
    "max": 0.6190476190476191,
    "n": 59
  },
  "profit_factor": {
    "mean": 1.61440139468989,
    "median": 1.3876142856964495,
    "std": 1.2451416987285864,
    "min": 0.0,
    "max": 5.771208647714353,
    "n": 59
  },
  "avg_trade": {
    "mean": 25.784787686656244,
    "median": 16.896818347860048,
    "std": 41.96787673823709,
    "min": -44.61852954414955,
    "max": 146.64213330767888,
    "n": 59
  },
  "avg_win": {
    "mean": 151.63674321429994,
    "median": 138.89801998934885,
    "std": 94.09988665163057,
    "min": 0.0,
    "max": 418.65017007190914,
    "n": 59
  },
  "avg_loss": {
    "mean": -67.83579996171201,
    "median": -73.64725840056693,
    "std": 23.291723695601306,
    "min": -93.33372069064784,
    "max": 0.0,
    "n": 59
  },
  "best_trade": {
    "mean": 609.863894352665,
    "median": 572.6134082916301,
    "std": 439.92529443086283,
    "min": 0.0,
    "max": 2517.249664871075,
    "n": 59
  },
  "worst_trade": {
    "mean": -112.55273968434915,
    "median": -123.5749133083226,
    "std": 37.00406505578294,
    "min": -158.66934355873315,
    "max": 0.0,
    "n": 59
  },
  "expectancy": {
    "mean": 25.784787686656244,
    "median": 16.896818347860055,
    "std": 41.96787673823709,
    "min": -44.61852954414955,
    "max": 146.64213330767885,
    "n": 59
  },
  "avg_bars_in_trade": {
    "mean": 15.10262604719211,
    "median": 16.133333333333333,
    "std": 5.2939128106534525,
    "min": 0.0,
    "max": 28.7027027027027,
    "n": 59
  },
  "pct_time_in_market": {
    "mean": 0.1880807831263837,
    "median": 0.19913185024416713,
    "std": 0.0735262726712625,
    "min": 0.0,
    "max": 0.3094059405940594,
    "n": 59
  },
  "_headline": {
    "pct_symbols_profitable": 0.6101694915254238,
    "n_symbols": 59
  }
}