{
  "n_bars": {
    "mean": 519.3833333333333,
    "median": 523.0,
    "std": 22.055470643600753,
    "min": 360.0,
    "max": 523.0,
    "n": 60
  },
  "n_trades": {
    "mean": 5.9,
    "median": 6.0,
    "std": 3.1713762184017313,
    "min": 0.0,
    "max": 13.0,
    "n": 60
  },
  "initial_capital": {
    "mean": 10000.0,
    "median": 10000.0,
    "std": 0.0,
    "min": 10000.0,
    "max": 10000.0,
    "n": 60
  },
  "final_equity": {
    "mean": 10173.170193563115,
    "median": 10067.822749723,
    "std": 315.2756335504298,
    "min": 9745.337799881476,
    "max": 11397.322181858337,
    "n": 60
  },
  "total_return": {
    "mean": 0.017317019356311535,
    "median": 0.006782274972300001,
    "std": 0.031527563355042976,
    "min": -0.02546622001185242,
    "max": 0.1397322181858337,
    "n": 60
  },
  "cagr": {
    "mean": 0.008184714368179401,
    "median": 0.0032620740758990685,
    "std": 0.014908845017208008,
    "min": -0.012352549915433775,
    "max": 0.06504907937922755,
    "n": 60
  },
  "sharpe": {
    "mean": 0.0959559312576653,
    "median": 0.06639728701567563,
    "std": 0.23376913624133305,
    "min": -0.4624766584128712,
    "max": 0.5832995046042516,
    "n": 60
  },
  "sortino": {
    "mean": 0.18881306875415108,
    "median": 0.1005368818693709,
    "std": 0.3783712700002787,
    "min": -0.47818821901115516,
    "max": 1.027064940941694,
    "n": 60
  },
  "max_drawdown_pct": {
    "mean": -2.3872184122566558,
    "median": -2.211411478774211,
    "std": 1.4024738233271736,
    "min": -7.880110114879467,
    "max": 0.0,
    "n": 60
  },
  "max_dd_duration_bars": {
    "mean": 285.73333333333335,
    "median": 289.0,
    "std": 134.57212377448437,
    "min": 0.0,
    "max": 509.0,
    "n": 60
  },
  "win_rate": {
    "mean": 0.39773217523217524,
    "median": 0.42857142857142855,
    "std": 0.2392739515283777,
    "min": 0.0,
    "max": 1.0,
    "n": 60
  },
  "profit_factor": {
    "mean": Infinity,
    "median": 1.4022476913613664,
    "std": NaN,
    "min": 0.0,
    "max": Infinity,
    "n": 60
  },
  "avg_trade": {
    "mean": 24.108983588684183,
    "median": 10.694777676039772,
    "std": 53.56476735103378,
    "min": -100.26016104068937,
    "max": 145.74494910313538,
    "n": 60
  },
  "avg_win": {
    "mean": 125.70405539979853,
    "median": 99.52266033291761,
    "std": 113.87612316298618,
    "min": 0.0,
    "max": 467.8369385771871,
    "n": 60
  },
  "avg_loss": {
    "mean": -53.48841261129498,
    "median": -53.97788972012768,
    "std": 26.78120007206837,
    "min": -100.88435107081179,
    "max": 0.0,
    "n": 60
  },
  "best_trade": {
    "mean": 236.5353909081024,
    "median": 198.2582649826353,
    "std": 245.65326453638582,
    "min": -100.26016104068937,
    "max": 1487.3303944910042,
    "n": 60
  },
  "worst_trade": {
    "mean": -77.17289891597362,
    "median": -94.90809942661348,
    "std": 33.9145858421878,
    "min": -107.55230668222083,
    "max": 2.1385046213087326,
    "n": 60
  },
  "expectancy": {
    "mean": 24.108983588684183,
    "median": 10.69477767603977,
    "std": 53.56476735103378,
    "min": -100.26016104068937,
    "max": 145.7449491031354,
    "n": 60
  },
  "avg_bars_in_trade": {
    "mean": 13.388597374847375,
    "median": 14.33173076923077,
    "std": 6.683737667056891,
    "min": 0.0,
    "max": 27.0,
    "n": 60
  },
  "pct_time_in_market": {
    "mean": 0.1708473594197817,
    "median": 0.17590822179732313,
    "std": 0.10257910040384091,
    "min": 0.0,
    "max": 0.361376673040153,
    "n": 60
  },
  "_headline": {
    "pct_symbols_profitable": 0.6333333333333333,
    "n_symbols": 60
  }
}