{
  "n_bars": {
    "mean": 1020.2203389830509,
    "median": 1006.0,
    "std": 17.395072426141134,
    "min": 1002.0,
    "max": 1039.0,
    "n": 59
  },
  "n_trades": {
    "mean": 14.40677966101695,
    "median": 15.0,
    "std": 5.407908143182207,
    "min": 0.0,
    "max": 23.0,
    "n": 59
  },
  "initial_capital": {
    "mean": 10000.0,
    "median": 10000.0,
    "std": 0.0,
    "min": 10000.0,
    "max": 10000.0,
    "n": 59
  },
  "final_equity": {
    "mean": 10352.495380670221,
    "median": 10183.663145024251,
    "std": 742.5865322574697,
    "min": 8857.631944010363,
    "max": 12925.797837454267,
    "n": 59
  },
  "total_return": {
    "mean": 0.035249538067022024,
    "median": 0.01836631450242512,
    "std": 0.07425865322574697,
    "min": -0.11423680559896365,
    "max": 0.2925797837454267,
    "n": 59
  },
  "cagr": {
    "mean": 0.008233194401053226,
    "median": 0.004423926276589718,
    "std": 0.0174682743566463,
    "min": -0.028992978430886218,
    "max": 0.06646723435109902,
    "n": 59
  },
  "sharpe": {
    "mean": 0.23034561273422338,
    "median": 0.17022720031161076,
    "std": 0.5314522513018933,
    "min": -1.1347853225236944,
    "max": 1.6459769635933694,
    "n": 59
  },
  "sortino": {
    "mean": 0.4125984557895481,
    "median": 0.26988857023672874,
    "std": 0.8629483510597468,
    "min": -1.5328569868784188,
    "max": 2.683355944570246,
    "n": 59
  },
  "max_drawdown_pct": {
    "mean": -4.534236946267056,
    "median": -4.65033875999496,
    "std": 2.0484504034338125,
    "min": -11.423680559896365,
    "max": 0.0,
    "n": 59
  },
  "max_dd_duration_bars": {
    "mean": 573.1016949152543,
    "median": 537.0,
    "std": 273.5507703564276,
    "min": 0.0,
    "max": 1029.0,
    "n": 59
  },
  "win_rate": {
    "mean": 0.40336160939419813,
    "median": 0.4,
    "std": 0.1779064703586845,
    "min": 0.0,
    "max": 0.7647058823529411,
    "n": 59
  },
  "profit_factor": {
    "mean": 1.9645800021437205,
    "median": 1.3314823156227473,
    "std": 1.937635559103072,
    "min": 0.0,
    "max": 9.397410448400052,
    "n": 59
  },
  "avg_trade": {
    "mean": 26.812433000720972,
    "median": 13.586497988671525,
    "std": 48.480812816074646,
    "min": -52.02974119401048,
    "max": 153.57293459299464,
    "n": 59
  },
  "avg_win": {
    "mean": 143.31490868221405,
    "median": 131.72957086224707,
    "std": 91.0284717268139,
    "min": 0.0,
    "max": 463.2317438226082,
    "n": 59
  },
  "avg_loss": {
    "mean": -63.93933825020031,
    "median": -66.90744580249462,
    "std": 20.763030665461784,
    "min": -92.85953696395792,
    "max": 0.0,
    "n": 59
  },
  "best_trade": {
    "mean": 400.1121835887162,
    "median": 350.00225764494223,
    "std": 307.02122920232097,
    "min": 0.0,
    "max": 1660.453996587859,
    "n": 59
  },
  "worst_trade": {
    "mean": -97.34680721312755,
    "median": -106.0983233693403,
    "std": 28.496887686090634,
    "min": -123.37124871035188,
    "max": 0.0,
    "n": 59
  },
  "expectancy": {
    "mean": 26.812433000720972,
    "median": 13.586497988671532,
    "std": 48.480812816074646,
    "min": -52.029741194010484,
    "max": 153.5729345929946,
    "n": 59
  },
  "avg_bars_in_trade": {
    "mean": 15.951898133404956,
    "median": 16.615384615384617,
    "std": 6.190522601319223,
    "min": 0.0,
    "max": 29.0,
    "n": 59
  },
  "pct_time_in_market": {
    "mean": 0.2389333801842365,
    "median": 0.2502406159769009,
    "std": 0.10524930708260238,
    "min": 0.0,
    "max": 0.4667949951876805,
    "n": 59
  },
  "_headline": {
    "pct_symbols_profitable": 0.6610169491525424,
    "n_symbols": 59
  }
}